{
  "timestamp": "20260121_152459",
  "model": "DeepFM",
  "metrics": {
    "auc": 0.7390421360288734,
    "log_loss": 0.15363662492997104
  },
  "training_history": {
    "train_losses": [
      0.24046996912431925,
      0.1545881106471337,
      0.15343492722680846,
      0.15277484245190734,
      0.15239458164318384,
      0.15209812905712775,
      0.15207124538964203,
      0.1521017427354464,
      0.15191427218835776,
      0.15182764516813227,
      0.1517781327342048,
      0.1517033266551646,
      0.15168581932326636,
      0.1516236832744444,
      0.15155288885211005
    ],
    "train_aucs": [
      0.616366953230777,
      0.7295353267471298,
      0.7369496893525275,
      0.7409024355028346,
      0.7436808326772351,
      0.7462419145193162,
      0.7464757551265603,
      0.7465011402734337,
      0.7476708219222341,
      0.748228439107533,
      0.7483831220144043,
      0.7491967565052705,
      0.7490242044722208,
      0.7496401983673938,
      0.7497637749922621
    ],
    "val_losses": [
      0.15480589965946992,
      0.1535124235147124,
      0.1535584491027555,
      0.15334924206341882,
      0.1533084545383731,
      0.15337601549107815,
      0.15325095203327974,
      0.15364757035431822,
      0.15341117402822468,
      0.15321111421538156,
      0.15334637815145485,
      0.15329781540589713,
      0.15328606715881293,
      0.1532621311033732,
      0.15363662492997104
    ],
    "val_aucs": [
      0.7345929568071932,
      0.7374114805591281,
      0.7373488040185396,
      0.7387375745804257,
      0.7383171535535268,
      0.7386602952619832,
      0.7389283111091651,
      0.7380719696322563,
      0.7382306899854021,
      0.7392710822796762,
      0.738120561959545,
      0.7390261868688668,
      0.7394180283889014,
      0.7384435701634624,
      0.7390421360288734
    ]
  },
  "feature_info": {
    "sparse_features": [
      "active_hour",
      "is_weekend",
      "has_abstract",
      "subcategory_encoded",
      "category_encoded"
    ],
    "dense_features": [
      "hist_click_count",
      "hist_ctr",
      "title_length",
      "impression_count",
      "click_count",
      "ctr"
    ],
    "sparse_feature_dims": [
      24,
      2,
      2,
      264,
      17
    ]
  }
}