{
  "timestamp": "20260121_143648",
  "model": "DeepFM",
  "metrics": {
    "auc": 0.7491659777252543,
    "log_loss": 0.15158649483090222
  },
  "training_history": {
    "train_losses": [
      0.1598517971469862,
      0.15207786113350108,
      0.1518793785654945,
      0.15191172373057246,
      0.15186592071687136,
      0.15186393756029432,
      0.1518484450961564,
      0.15186370147675263,
      0.15183534462411205,
      0.15180198226549935,
      0.1518228786866549,
      0.15182951550589702,
      0.15183262574962497
    ],
    "train_aucs": [
      0.7246569264593564,
      0.7459717913379749,
      0.7470408940170832,
      0.747127815821162,
      0.7471963590028695,
      0.7471737266231371,
      0.7471890606843399,
      0.7472326675722638,
      0.7473429123353931,
      0.7474881751545885,
      0.74732475663464,
      0.7474331016558639,
      0.7475393546604004
    ],
    "val_losses": [
      0.15167841792209882,
      0.15149790028853713,
      0.15158314475457715,
      0.15141935055672012,
      0.1515112404616882,
      0.15151228911343362,
      0.15165912877215412,
      0.15146204056630597,
      0.151462976694214,
      0.15151812830401135,
      0.15155365742085414,
      0.15151264997419364,
      0.15158649483090222
    ],
    "val_aucs": [
      0.7483915726976231,
      0.7490139491279191,
      0.7490587573170228,
      0.7493424020023627,
      0.7492265941347285,
      0.7487113737360772,
      0.7481117440016819,
      0.7493572456020678,
      0.7490511339029051,
      0.7490452177747389,
      0.7483821710182406,
      0.7491748859073983,
      0.7491659777252543
    ]
  },
  "feature_info": {
    "sparse_features": [
      "active_hour",
      "is_weekend",
      "has_abstract",
      "subcategory_encoded",
      "category_encoded"
    ],
    "dense_features": [
      "hist_click_count",
      "hist_ctr",
      "title_length",
      "impression_count",
      "click_count",
      "ctr"
    ],
    "sparse_feature_dims": [
      24,
      2,
      2,
      264,
      17
    ]
  }
}