{
  "timestamp": "20260121_161022",
  "model": "DeepFM",
  "metrics": {
    "auc": 0.749308297305136,
    "log_loss": 0.15142264718914106
  },
  "training_history": {
    "train_losses": [
      0.1567422536577486,
      0.1520344771435007,
      0.15191226503173352,
      0.15185579926630566,
      0.15184155737053548,
      0.1518514899474145,
      0.15179511385982464,
      0.1518261473213065,
      0.15182714584759593,
      0.1518354023620323
    ],
    "train_aucs": [
      0.7284516462887635,
      0.7462081875063283,
      0.7470139314359263,
      0.7472254839071562,
      0.7473773865585217,
      0.7473304257576586,
      0.7476089679629115,
      0.7473893432658019,
      0.7475594414703051,
      0.7475128149041917
    ],
    "val_losses": [
      0.15192806101658296,
      0.1515614586305407,
      0.15191027462167161,
      0.15155447578588863,
      0.1514469504826015,
      0.1515644834717001,
      0.1514756115839394,
      0.1515811382546487,
      0.1515887124213052,
      0.15142264718914106
    ],
    "val_aucs": [
      0.7483151865711082,
      0.7488107893155544,
      0.748366918521093,
      0.7491290284318057,
      0.7494902563746366,
      0.7488678264999831,
      0.7488727967403631,
      0.749058133406496,
      0.7493747301793305,
      0.749308297305136
    ]
  },
  "feature_info": {
    "sparse_features": [
      "active_hour",
      "is_weekend",
      "has_abstract",
      "subcategory_encoded",
      "category_encoded"
    ],
    "dense_features": [
      "hist_click_count",
      "hist_ctr",
      "title_length",
      "impression_count",
      "click_count",
      "ctr"
    ],
    "sparse_feature_dims": [
      24,
      2,
      2,
      264,
      17
    ]
  }
}